{
  "baseline_order_rows_ge_7": {
    "RMSE@1": 0.09913643174933533,
    "RMSE@20": 0.1340250749335289,
    "RMSE@5": 0.11449343424811396,
    "RMSE@50": 0.1340250749335289,
    "W/A@1": 0.45701357466063347,
    "W/A@20": 0.6787330316742082,
    "W/A@5": 0.6470588235294118,
    "W/A@50": 0.6787330316742082,
    "match@1": 0.13574660633484162,
    "match@20": 0.19004524886877827,
    "match@5": 0.17194570135746606,
    "match@50": 0.19004524886877827,
    "samples": 221,
    "skeleton@1": 0.5113122171945701,
    "skeleton@20": 0.755656108597285,
    "skeleton@5": 0.7058823529411765,
    "skeleton@50": 0.755656108597285
  },
  "baseline_order_val": {
    "RMSE@1": 0.10946259560386833,
    "RMSE@20": 0.16897342100460178,
    "RMSE@5": 0.14795029036576465,
    "RMSE@50": 0.16897342100460178,
    "W/A@1": 0.4881422924901186,
    "W/A@20": 0.7272727272727273,
    "W/A@5": 0.6561264822134387,
    "W/A@50": 0.7272727272727273,
    "match@1": 0.3339920948616601,
    "match@20": 0.46047430830039526,
    "match@5": 0.41304347826086957,
    "match@50": 0.46047430830039526,
    "samples": 506,
    "skeleton@1": 0.5553359683794467,
    "skeleton@20": 0.7707509881422925,
    "skeleton@5": 0.7055335968379447,
    "skeleton@50": 0.7707509881422925
  },
  "energy_full_rerank_rows_ge_7": {
    "RMSE@1": 0.18320616073346813,
    "RMSE@20": 0.17686497327638348,
    "RMSE@5": 0.18255597492972114,
    "RMSE@50": 0.17686497327638348,
    "W/A@1": 0.8470588235294118,
    "W/A@20": 0.8823529411764706,
    "W/A@5": 0.8823529411764706,
    "W/A@50": 0.8823529411764706,
    "match@1": 0.16470588235294117,
    "match@20": 0.24705882352941178,
    "match@5": 0.23529411764705882,
    "match@50": 0.24705882352941178,
    "samples": 170,
    "skeleton@1": 0.9588235294117647,
    "skeleton@20": 0.9823529411764705,
    "skeleton@5": 0.9823529411764705,
    "skeleton@50": 0.9823529411764705
  },
  "energy_full_rerank_val": {
    "RMSE@1": 0.1518870757014101,
    "RMSE@20": 0.18015003907827382,
    "RMSE@5": 0.1791399905040175,
    "RMSE@50": 0.18015003907827382,
    "W/A@1": 0.7736318407960199,
    "W/A@20": 0.9129353233830846,
    "W/A@5": 0.8905472636815921,
    "W/A@50": 0.9129353233830846,
    "match@1": 0.4626865671641791,
    "match@20": 0.5796019900497512,
    "match@5": 0.5621890547263682,
    "match@50": 0.5796019900497512,
    "samples": 402,
    "skeleton@1": 0.8930348258706468,
    "skeleton@20": 0.9676616915422885,
    "skeleton@5": 0.9651741293532339,
    "skeleton@50": 0.9676616915422885
  },
  "feature_blocklist": [
    "candidate_skeleton_hit",
    "candidate_uid",
    "candidate_wa_hit",
    "cif",
    "cif_path",
    "error",
    "label_error",
    "label_match",
    "label_rmsd",
    "material_id",
    "sample_id",
    "self_parse_error",
    "source_sample_id",
    "split",
    "target_skeleton_key",
    "target_wa_key"
  ],
  "model": "/data/users/xsw/autodlmini/model/New_model/opentry_4/checkpoints/geometry_energy_model_e7002.json",
  "pairwise": {
    "groups_with_pos_and_neg": 135,
    "pairwise_accuracy": 0.25021496130696474,
    "pairwise_comparisons": 1163,
    "positive_candidate_top_rank_rate": 0.5481481481481482
  },
  "rows_ge_7_pairwise": {
    "groups_with_pos_and_neg": 35,
    "pairwise_accuracy": 0.5657142857142857,
    "pairwise_comparisons": 350,
    "positive_candidate_top_rank_rate": 0.5714285714285714
  },
  "rows_ge_7_val_auc": 0.7056401540115855,
  "rows_ge_7_val_average_precision": 0.1997116497984882,
  "rows_ge_7_val_rows": 1262,
  "test_information_used": "no",
  "train_positive_rate": 0.747059811827957,
  "train_rows": 11904,
  "val_auc": 0.7650851802940938,
  "val_average_precision": 0.5838747405706398,
  "val_positive_rate": 0.453783713013878,
  "val_rows": 3819
}
