{
  "baseline_direct_metrics": {
    "RMSE@1": 0.13696471531489718,
    "RMSE@20": 0.11707074045072467,
    "RMSE@5": 0.12804529019585928,
    "RMSE@50": 0.12671794296614644,
    "match@1": 0.11574074074074074,
    "match@20": 0.18518518518518517,
    "match@5": 0.1527777777777778,
    "match@50": 0.19444444444444445,
    "positive_rate": 0.014106915570640645,
    "positive_rows": 133,
    "rows": 9428,
    "samples": 216
  },
  "composition_valid_rate": 1.0,
  "data_split": "validation rows>=7 subset aligned to E421 val512 outputs; no test information used",
  "energy_rerank_merged_metrics": {
    "RMSE@1": 0.14377213275220158,
    "RMSE@20": 0.19131440799929697,
    "RMSE@5": 0.18107237399099077,
    "RMSE@50": 0.20798917914853948,
    "W/A@1": 0.3101851851851852,
    "W/A@20": 0.5416666666666666,
    "W/A@5": 0.41203703703703703,
    "W/A@50": 0.7083333333333334,
    "match@1": 0.06944444444444445,
    "match@20": 0.1574074074074074,
    "match@5": 0.08796296296296297,
    "match@50": 0.19444444444444445,
    "samples": 216,
    "skeleton@1": 0.32407407407407407,
    "skeleton@20": 0.6203703703703703,
    "skeleton@5": 0.4444444444444444,
    "skeleton@50": 0.7870370370370371
  },
  "energy_rerank_merged_rows_ge_7": {
    "RMSE@1": 0.14377213275220158,
    "RMSE@20": 0.19131440799929697,
    "RMSE@5": 0.18107237399099077,
    "RMSE@50": 0.20798917914853948,
    "W/A@1": 0.3101851851851852,
    "W/A@20": 0.5416666666666666,
    "W/A@5": 0.41203703703703703,
    "W/A@50": 0.7083333333333334,
    "match@1": 0.06944444444444445,
    "match@20": 0.1574074074074074,
    "match@5": 0.08796296296296297,
    "match@50": 0.19444444444444445,
    "samples": 216,
    "skeleton@1": 0.32407407407407407,
    "skeleton@20": 0.6203703703703703,
    "skeleton@5": 0.4444444444444444,
    "skeleton@50": 0.7870370370370371
  },
  "generated_candidates": 1721,
  "merged_pool_ceiling": {
    "W/A@1": 0.5046296296296297,
    "W/A@20": 0.7083333333333334,
    "W/A@5": 0.6851851851851852,
    "W/A@50": 0.7083333333333334,
    "match@1": 0.11574074074074074,
    "match@20": 0.18518518518518517,
    "match@5": 0.1527777777777778,
    "match@50": 0.19444444444444445,
    "positive_any_all_candidates": 0.2037037037037037,
    "samples": 216,
    "skeleton@1": 0.5185185185185185,
    "skeleton@20": 0.7870370370370371,
    "skeleton@5": 0.7361111111111112,
    "skeleton@50": 0.7870370370370371,
    "unique_wa_mean@1": 1.0,
    "unique_wa_mean@20": 6.888888888888889,
    "unique_wa_mean@5": 4.5092592592592595,
    "unique_wa_mean@50": 7.310185185185185
  },
  "method": "E700 pairfield_adam_repel constrained rows>=7 joint geometry proposal audit",
  "new_positive_sample_ids": [
    "mpts_52_val__mp-1195850",
    "mpts_52_val__mp-557618"
  ],
  "new_positive_samples_beyond_baseline": 2,
  "pool_order_metrics": {
    "W/A@1": 0.5046296296296297,
    "W/A@20": 0.7083333333333334,
    "W/A@5": 0.6851851851851852,
    "W/A@50": 0.7083333333333334,
    "match@1": 0.11574074074074074,
    "match@20": 0.18518518518518517,
    "match@5": 0.1527777777777778,
    "match@50": 0.19444444444444445,
    "positive_any_all_candidates": 0.19444444444444445,
    "samples": 216,
    "skeleton@1": 0.5185185185185185,
    "skeleton@20": 0.7870370370370371,
    "skeleton@5": 0.7361111111111112,
    "skeleton@50": 0.7870370370370371,
    "unique_wa_mean@1": 1.0,
    "unique_wa_mean@20": 6.888888888888889,
    "unique_wa_mean@5": 4.5092592592592595,
    "unique_wa_mean@50": 7.310185185185185
  },
  "proposal_direct_metrics": {
    "RMSE@1": 0.20623964427311994,
    "RMSE@20": 0.2132093577615587,
    "RMSE@5": 0.2062718661438262,
    "RMSE@50": 0.2132093577615587,
    "match@1": 0.09259259259259259,
    "match@20": 0.13425925925925927,
    "match@5": 0.12037037037037036,
    "match@50": 0.13425925925925927,
    "positive_rate": 0.02672864613596746,
    "positive_rows": 46,
    "rows": 1721,
    "samples": 216
  },
  "readable_rate": 1.0,
  "rows_ge_7_positive_rate": 0.02672864613596746,
  "samples": 216,
  "secondary_new_positive_samples_vs_first_pool": 2,
  "sg_wyckoff_valid_rate": 0.9523532829750145,
  "source": {
    "gen_baseline_features": "/data/users/xsw/autodlmini/model/New_model/opentry_3/data/geometry_compat_mpts52/e703_e421_baseline_e700_aligned216_rows7_features/val_candidate_features.jsonl",
    "gen_features": "/data/users/xsw/autodlmini/model/New_model/opentry_3/data/geometry_compat_mpts52/e704_e700_pairfield_repel_aligned216_rows7_features/val_candidate_features.jsonl",
    "gen_merge_summary": "/data/users/xsw/autodlmini/model/New_model/opentry_3/reports/e705_merge_e700_repel_with_e421_aligned216_baseline/merge_summary.json"
  },
  "structurematcher_positive_rate": 0.02672864613596746,
  "test_information_used": "no",
  "wa_hit_match_fail_rate": 0.8983516483516484,
  "wa_hit_rate": 0.21847762928529924
}
