{
  "candidate_health_train_dev": {
    "composition_valid_rate": 1.0,
    "generated_candidates": 208,
    "readable_rate": 1.0,
    "rows_ge_7_positive_rate": 0.08653846153846154,
    "samples": 26,
    "sg_wyckoff_valid_rate": 0.9519230769230769,
    "structurematcher_positive_rate": 0.08653846153846154,
    "wa_hit_match_fail_rate": 0.8541666666666666,
    "wa_hit_rate": 0.23076923076923078
  },
  "created_at": "2026-06-18T18:45:35Z",
  "environment": "crystallm_env",
  "experiment_id": "E7010",
  "inputs": {
    "baseline_train_features": "/data/users/xsw/autodlmini/model/New_model/opentry_3/data/geometry_compat_mpts52/e318_train_balanced1024_top20_val128_e166_features/train_candidate_features.jsonl",
    "proposal_features": "/data/users/xsw/autodlmini/model/New_model/opentry_4/data/e7010_pairfield_repel_train1024_rows7_features/train_candidate_features.jsonl",
    "proposal_rendered": "/data/users/xsw/autodlmini/model/New_model/opentry_4/reports/e7009_pairfield_adam_repel_train1024_rows7/rendered_topk.jsonl",
    "val512_anchor_eval": "/data/users/xsw/autodlmini/model/New_model/opentry_4/eval/joint_generator_anchor_safe_val512_eval.json"
  },
  "metrics_train_dev": {
    "baseline_same_samples": {
      "RMSE@1": 0.08173795273282784,
      "RMSE@20": 0.04879829767169925,
      "RMSE@5": 0.02984752389098976,
      "RMSE@50": 0.04879829767169925,
      "W/A@1": 0.5384615384615384,
      "W/A@20": 0.6153846153846154,
      "W/A@5": 0.5769230769230769,
      "W/A@50": 0.6153846153846154,
      "match@1": 0.34615384615384615,
      "match@20": 0.4230769230769231,
      "match@5": 0.38461538461538464,
      "match@50": 0.4230769230769231,
      "rows": 468,
      "samples": 26,
      "skeleton@1": 0.6538461538461539,
      "skeleton@20": 0.7307692307692307,
      "skeleton@5": 0.6538461538461539,
      "skeleton@50": 0.7307692307692307
    },
    "merged_positive_any": {
      "positive_any_all_candidates": 0.4230769230769231,
      "positive_samples": 11,
      "samples": 26
    },
    "new_positive_sample_ids": [],
    "new_positive_samples_beyond_baseline": 0,
    "proposal_direct": {
      "RMSE@1": 0.15324333270966373,
      "RMSE@20": 0.17328691056997114,
      "RMSE@5": 0.19327227020979015,
      "RMSE@50": 0.17328691056997114,
      "W/A@1": 0.34615384615384615,
      "W/A@20": 0.6153846153846154,
      "W/A@5": 0.5769230769230769,
      "W/A@50": 0.6153846153846154,
      "match@1": 0.15384615384615385,
      "match@20": 0.34615384615384615,
      "match@5": 0.3076923076923077,
      "match@50": 0.34615384615384615,
      "rows": 208,
      "samples": 26,
      "skeleton@1": 0.38461538461538464,
      "skeleton@20": 0.7307692307692307,
      "skeleton@5": 0.7307692307692307,
      "skeleton@50": 0.7307692307692307
    }
  },
  "metrics_val512": {
    "anchor_safe_selected_rows_ge_7": {
      "RMSE@1": 0.09913643174933533,
      "RMSE@20": 0.1340250749335289,
      "RMSE@5": 0.11449343424811396,
      "RMSE@50": 0.1340250749335289,
      "W/A@1": 0.45701357466063347,
      "W/A@20": 0.6787330316742082,
      "W/A@5": 0.6470588235294118,
      "W/A@50": 0.6787330316742082,
      "match@1": 0.13574660633484162,
      "match@20": 0.19004524886877827,
      "match@5": 0.17194570135746606,
      "match@50": 0.19004524886877827,
      "samples": 221,
      "skeleton@1": 0.5113122171945701,
      "skeleton@20": 0.755656108597285,
      "skeleton@5": 0.7058823529411765,
      "skeleton@50": 0.755656108597285
    },
    "anchor_safe_selected_val512": {
      "RMSE@1": 0.10946259560386833,
      "RMSE@20": 0.16897342100460178,
      "RMSE@5": 0.14795029036576465,
      "RMSE@50": 0.16897342100460178,
      "W/A@1": 0.4881422924901186,
      "W/A@20": 0.7272727272727273,
      "W/A@5": 0.6561264822134387,
      "W/A@50": 0.7272727272727273,
      "match@1": 0.3339920948616601,
      "match@20": 0.46047430830039526,
      "match@5": 0.41304347826086957,
      "match@50": 0.46047430830039526,
      "samples": 506,
      "skeleton@1": 0.5553359683794467,
      "skeleton@20": 0.7707509881422925,
      "skeleton@5": 0.7055335968379447,
      "skeleton@50": 0.7707509881422925
    },
    "baseline_e424_order_rows_ge_7": {
      "RMSE@1": 0.09913643174933533,
      "RMSE@20": 0.1340250749335289,
      "RMSE@5": 0.11449343424811396,
      "RMSE@50": 0.1340250749335289,
      "W/A@1": 0.45701357466063347,
      "W/A@20": 0.6787330316742082,
      "W/A@5": 0.6470588235294118,
      "W/A@50": 0.6787330316742082,
      "match@1": 0.13574660633484162,
      "match@20": 0.19004524886877827,
      "match@5": 0.17194570135746606,
      "match@50": 0.19004524886877827,
      "samples": 221,
      "skeleton@1": 0.5113122171945701,
      "skeleton@20": 0.755656108597285,
      "skeleton@5": 0.7058823529411765,
      "skeleton@50": 0.755656108597285
    },
    "baseline_e424_order_val512": {
      "RMSE@1": 0.10946259560386833,
      "RMSE@20": 0.16897342100460178,
      "RMSE@5": 0.14795029036576465,
      "RMSE@50": 0.16897342100460178,
      "W/A@1": 0.4881422924901186,
      "W/A@20": 0.7272727272727273,
      "W/A@5": 0.6561264822134387,
      "W/A@50": 0.7272727272727273,
      "match@1": 0.3339920948616601,
      "match@20": 0.46047430830039526,
      "match@5": 0.41304347826086957,
      "match@50": 0.46047430830039526,
      "samples": 506,
      "skeleton@1": 0.5553359683794467,
      "skeleton@20": 0.7707509881422925,
      "skeleton@5": 0.7055335968379447,
      "skeleton@50": 0.7707509881422925
    },
    "merged_full_val512_ceiling": {
      "positive_any_all_candidates": 0.4644268774703557,
      "positive_samples": 235,
      "samples": 506
    },
    "merged_rows_ge_7_ceiling": {
      "positive_any_all_candidates": 0.19909502262443438,
      "positive_samples": 44,
      "samples": 221
    },
    "new_positive_gate": {
      "aligned216_new_positive_samples_vs_first_pool": 2,
      "full_val512_new_positive_samples_vs_e424_top20": 2,
      "gate_passed": true
    },
    "proposal_direct_order_aligned216": {
      "RMSE@1": 0.20623964427311994,
      "RMSE@20": 0.2346528518397651,
      "RMSE@5": 0.2220897278103643,
      "RMSE@50": 0.2346528518397651,
      "W/A@1": 0.5046296296296297,
      "W/A@20": 0.6898148148148148,
      "W/A@5": 0.6851851851851852,
      "W/A@50": 0.6898148148148148,
      "match@1": 0.09259259259259259,
      "match@20": 0.13425925925925927,
      "match@5": 0.12037037037037036,
      "match@50": 0.13425925925925927,
      "samples": 216,
      "skeleton@1": 0.5185185185185185,
      "skeleton@20": 0.7638888888888888,
      "skeleton@5": 0.7361111111111112,
      "skeleton@50": 0.7638888888888888
    }
  },
  "proposal_feature_summary": {
    "atoms_ge_12": {
      "RMSE@1": 0.2000704125712879,
      "RMSE@20": 0.20011717705190454,
      "RMSE@5": 0.21477092794648425,
      "RMSE@50": 0.20011717705190454,
      "match@1": 0.15337423312883436,
      "match@20": 0.2392638036809816,
      "match@5": 0.22699386503067484,
      "match@50": 0.2392638036809816,
      "positive_rate": 0.060700389105058365,
      "positive_rows": 78,
      "rows": 1285,
      "samples": 163
    },
    "candidate_wa_hit_match_fail_rate": 0.8401360544217688,
    "candidate_wa_hit_rows": 294,
    "full": {
      "RMSE@1": 0.2000704125712879,
      "RMSE@20": 0.20703086221174413,
      "RMSE@5": 0.22166286624908965,
      "RMSE@50": 0.20703086221174413,
      "match@1": 0.15151515151515152,
      "match@20": 0.24242424242424243,
      "match@5": 0.23030303030303031,
      "match@50": 0.24242424242424243,
      "positive_rate": 0.06072252113758647,
      "positive_rows": 79,
      "rows": 1301,
      "samples": 165
    },
    "max_candidates_per_sample": 50,
    "max_records": 0,
    "min_row_count": 7,
    "rendered_jsonl": "model/New_model/opentry_4/reports/e7009_pairfield_adam_repel_train1024_rows7/rendered_topk.jsonl",
    "rendered_samples": 165,
    "repr_jsonl": "model/New_model/opentry_3/data/wyckoff_repr_mpts52/train.jsonl",