{
  "all": {
    "RMSE@1": 0.12110278576321938,
    "RMSE@20": 0.11621234727933094,
    "RMSE@5": 0.10788979970723697,
    "match@1": 0.252346837944664,
    "match@20": 0.4838191699604743,
    "match@5": 0.4136610671936759,
    "matched_samples_for_RMSE@1": 2043,
    "matched_samples_for_RMSE@20": 3917,
    "matched_samples_for_RMSE@5": 3349,
    "positive_any": 3917,
    "positive_any_rate": 0.4838191699604743,
    "samples": 8096
  },
  "baseline_all": {
    "RMSE@1": 0.12110278576321938,
    "RMSE@20": 0.13340106131432547,
    "RMSE@5": 0.12573424156501198,
    "match@1": 0.252346837944664,
    "match@20": 0.4395998023715415,
    "match@5": 0.36462450592885376,
    "matched_samples_for_RMSE@1": 2043,
    "matched_samples_for_RMSE@20": 3559,
    "matched_samples_for_RMSE@5": 2952,
    "positive_any": 3559,
    "positive_any_rate": 0.4395998023715415,
    "samples": 8096
  },
  "baseline_rows_ge7": {
    "RMSE@1": 0.13103627495241027,
    "RMSE@20": 0.1444271062669175,
    "RMSE@5": 0.13557703770863538,
    "match@1": 0.22488853920797272,
    "match@20": 0.41043797534749543,
    "match@5": 0.33372672436401785,
    "matched_samples_for_RMSE@1": 1715,
    "matched_samples_for_RMSE@20": 3130,
    "matched_samples_for_RMSE@5": 2545,
    "positive_any": 3130,
    "positive_any_rate": 0.41043797534749543,
    "samples": 7626
  },
  "baseline_source": "/data/users/xsw/autodlmini/model/New_model/opentry_7/metrics/crystallm_a_gt_sg_mpts_52_test_k20.json",
  "candidate_eval": [
    "/data/users/xsw/autodlmini/model/New_model/opentry_13/official_eval/c2s3c15_true_anchor_source_mpts52_test_20260629/candidate_eval.jsonl.gz",
    "/data/users/xsw/autodlmini/model/New_model/opentry_13/official_eval/c2s3c15_true_anchor_source_mpts52_test_20260629/candidate_eval_resume_from_4100_part1.jsonl.gz",
    "/data/users/xsw/autodlmini/model/New_model/opentry_13/official_eval/c2s3c15_true_anchor_source_mpts52_test_20260629/candidate_eval_resume_from_7014_part1.jsonl.gz",
    "/data/users/xsw/autodlmini/model/New_model/opentry_13/official_eval/c2s3c15_true_anchor_source_mpts52_test_20260629/candidate_eval_resume_from_7187_part1.jsonl.gz"
  ],
  "candidate_quality": {
    "candidate_eval_segments": [
      "/data/users/xsw/autodlmini/model/New_model/opentry_13/official_eval/c2s3c15_true_anchor_source_mpts52_test_20260629/candidate_eval.jsonl.gz",
      "/data/users/xsw/autodlmini/model/New_model/opentry_13/official_eval/c2s3c15_true_anchor_source_mpts52_test_20260629/candidate_eval_resume_from_4100_part1.jsonl.gz",
      "/data/users/xsw/autodlmini/model/New_model/opentry_13/official_eval/c2s3c15_true_anchor_source_mpts52_test_20260629/candidate_eval_resume_from_7014_part1.jsonl.gz",
      "/data/users/xsw/autodlmini/model/New_model/opentry_13/official_eval/c2s3c15_true_anchor_source_mpts52_test_20260629/candidate_eval_resume_from_7187_part1.jsonl.gz"
    ],
    "evaluated_candidate_records": 161920,
    "formula_ok_any@1": 0.7046689723320159,
    "formula_ok_any@20": 0.9693675889328063,
    "formula_ok_any@5": 0.9528162055335968,
    "known_exact_cover_any@1": 0.0,
    "known_exact_cover_any@20": 0.8588191699604744,
    "known_exact_cover_any@5": 0.8588191699604744,
    "slot_formula_consistency_rate": 0.729977766798419,
    "slot_sg_consistency_rate": 0.9725728754940711,
    "slot_valid_rate": 0.9736289525691699,
    "source_counts": {
      "C": 142720,
      "S": 19200
    },
    "space_group_ok_any@1": 0.9722084980237155,
    "space_group_ok_any@20": 0.9987648221343873,
    "space_group_ok_any@5": 0.9985177865612648,
    "symcif_candidates": 19200,
    "symcif_skeleton_hit_candidates": 4622,
    "symcif_skeleton_hit_to_match_conversion": 0.19450454348766769,
    "symcif_slot_exact_cover_feasible_rate": 0.9808854166666666,
    "valid_any@1": 0.973443675889328,
    "valid_any@20": 0.9993824110671937,
    "valid_any@5": 0.9991353754940712
  },
  "candidate_source": "/data/users/xsw/autodlmini/model/New_model/opentry_13/candidates/c2s3c15_true_anchor_source_mpts52_test_k20.jsonl.gz",
  "candidate_timeout_seconds": 8.0,
  "contribution_boundary": "auxiliary hybrid route only; not paper main method",
  "dataset": "mpts_52",
  "delta_vs_crystallm_baseline_all": {
    "match@1": 0.0,
    "match@20": 0.0442193675889328,
    "match@5": 0.04903656126482214
  },
  "delta_vs_crystallm_baseline_rows_ge7": {
    "match@1": 0.0,
    "match@20": 0.04615788093364803,
    "match@5": 0.05179648570679252
  },
  "eval_name": "c2s3c15_true_anchor_source_mpts52_test_20260629",
  "experiment": "experiment_1_c2s3c15_once_only_official",
  "official_once_policy": "This summary is the one-shot frozen official evaluation for C2S3C15. Do not tune route from this result.",
  "route": "C2S3C15",
  "rows_ge7": {
    "RMSE@1": 0.13103627495241027,
    "RMSE@20": 0.1247663287484121,
    "RMSE@5": 0.11530625076690493,
    "match@1": 0.22488853920797272,
    "match@20": 0.45659585628114346,
    "match@5": 0.38552321007081036,
    "matched_samples_for_RMSE@1": 1715,
    "matched_samples_for_RMSE@20": 3482,
    "matched_samples_for_RMSE@5": 2940,
    "positive_any": 3482,
    "positive_any_rate": 0.45659585628114346,
    "samples": 7626
  },
  "sample_metrics": "/data/users/xsw/autodlmini/model/New_model/opentry_13/official_eval/c2s3c15_true_anchor_source_mpts52_test_20260629/sample_metrics.jsonl",
  "sample_timeout_seconds": 180.0,
  "samples": 8096,
  "sequence": [
    "C",
    "C",
    "S",
    "S",
    "S",
    "C",
    "C",
    "C",
    "C",
    "C",
    "C",
    "C",
    "C",
    "C",
    "C",
    "C",
    "C",
    "C",
    "C",
    "C"
  ],
  "split": "test",
  "structure_matcher": {
    "angle_tol": 10,
    "ltol": 0.3,
    "stol": 0.5
  },
  "time": "2026-06-29T07:07:36+00:00"
}
