{
  "artifacts": {
    "evaluated_ranked_candidates": "/data/users/xsw/autodlmini/model/New_model/opentry_13/artifacts/exp4_rows_ge7_multi_geometry_proposal/evaluated_ranked_candidates.jsonl",
    "generated_candidate_meta": "/data/users/xsw/autodlmini/model/New_model/opentry_13/artifacts/exp4_rows_ge7_multi_geometry_proposal/generated_candidate_meta.jsonl"
  },
  "baselines": {
    "crystallm_rows_ge7_reference": {
      "candidate_records": 114750,
      "covered_samples": 2295,
      "first_hit_rank_bins": {
        "1": 123,
        "2-5": 109,
        "21-50": 82,
        "6-20": 109,
        "none": 1872
      },
      "first_hit_rank_mean": 10.361702127659575,
      "first_hit_rank_median": 5.0,
      "missing_samples": 0,
      "samples": 2295,
      "target_row_count_mean": 11.33202614379085,
      "top1_hits": 123,
      "top1_match": 0.05359477124183006,
      "top1_rmse": 0.21933776657347934,
      "top1_valid_any": 0.9773420479302832,
      "top20_hits": 341,
      "top20_match": 0.1485838779956427,
      "top20_rmse": 0.322085525854781,
      "top20_valid_any": 0.9978213507625272,
      "top50_hits": 423,
      "top50_match": 0.1843137254901961,
      "top50_rmse": 0.34238958187698,
      "top50_valid_any": 0.9978213507625272,
      "top5_hits": 232,
      "top5_match": 0.10108932461873639,
      "top5_rmse": 0.2733242165804992,
      "top5_valid_any": 0.9973856209150327
    },
    "crystallm_val_k50": {
      "match@1": 0.3002,
      "match@20": 0.48,
      "match@5": 0.4048,
      "match@50": 0.5272,
      "rows_ge7_match@1": 0.050523441055985434,
      "rows_ge7_match@20": 0.14110150204824762,
      "rows_ge7_match@5": 0.0923987255348202,
      "rows_ge7_match@50": 0.17614929449248976,
      "rows_ge7_samples": 2197,
      "rows_ge7_valid_any@1": 0.6722803823395539,
      "rows_ge7_valid_any@20": 0.942649066909422,
      "rows_ge7_valid_any@5": 0.8957669549385525,
      "rows_ge7_valid_any@50": 0.9576695493855257,
      "samples": 5000,
      "valid_any@1": 0.7468,
      "valid_any@20": 0.9314,
      "valid_any@5": 0.9012,
      "valid_any@50": 0.946
    }
  },
  "cpu_policy": {
    "thread_env": {
      "MKL_NUM_THREADS": "1",
      "NUMEXPR_NUM_THREADS": "1",
      "OMP_NUM_THREADS": "1",
      "OPENBLAS_NUM_THREADS": "1"
    },
    "workers": 24
  },
  "data_scale": {
    "candidate_records": 71930,
    "geometry_options": 4,
    "mean_geometry_proposals_per_skeleton": 3.966582110951803,
    "rows_ge7_samples": 2033,
    "rows_lt7_samples": 2378,
    "samples": 4411,
    "scope": "all",
    "top_output_k": 50,
    "top_skeletons": 16,
    "unique_predicted_skeletons": 18134
  },
  "dataset": "mpts_52",
  "decision": {
    "next_step": "Do not run official; build predicted-skeleton-noise geometry training or stronger local collision/geometry optimization before rerunning.",
    "reason": "Multi-geometry did not reach the required rows>=7 top50/conversion and K5/K20 lift gates.",
    "verdict": "fail_validation_gate"
  },
  "experiment": "opentry_13_exp4_rows_ge7_multi_geometry_proposal_validation",
  "gate": {
    "failure_reasons": [
      "rows>=7 top50 delta -5.347pp < +5.000pp",
      "rows>=7 skeleton-to-match conversion@50 15.407% < 30.000%",
      "rows>=7 match@5 delta +2.483pp < +5.000pp",
      "rows>=7 match@20 delta -1.823pp < +5.000pp",
      "overall match@5 and match@20 both decreased vs validation CrystaLLM K50 baseline"
    ],
    "minimum_standard": {
      "rows_ge7_match20_delta": 0.05,
      "rows_ge7_match5_delta": 0.05,
      "rows_ge7_skeleton_to_match_conversion": 0.3,
      "rows_ge7_top50_match": 0.23431372549019608
    },
    "overall_match5_20_not_decreased": false,
    "passed": false,
    "rows_ge7_match20_delta_vs_crystallm": -0.018234640415711573,
    "rows_ge7_match5_delta_vs_crystallm": 0.02483295772263104,
    "rows_ge7_top50_delta_vs_crystallm_k50": -0.053472603994869
  },
  "mapping_failures": {},
  "method": {
    "geometry_sources": {
      "prototype_global+fallback": 35,
      "prototype_same_sg": 420,
      "prototype_same_sg+fallback": 728,
      "prototype_same_sg_atom_count": 23743,
      "prototype_same_sg_atom_count+fallback": 16225,
      "prototype_same_skeleton": 13251,
      "prototype_source": 18134
    },
    "inference_inputs": [
      "composition/formula",
      "GT-SG",
      "predicted exact-cover skeleton",
      "train geometry prototypes"
    ],
    "name": "predicted_skeleton_multi_geometry_proposal",
    "not_used_for_ranking": [
      "StructureMatcher match",
      "RMSD",
      "target CIF geometry",
      "GT-WA",
      "GT-skeleton",
      "test CIF",
      "RF/HGB/scorer"
    ],
    "ranking_features": [
      "legal_cif",
      "formula",
      "SG",
      "site_count",
      "exact_cover",
      "collision",
      "volume_per_atom",
      "train_reference_score"
    ]
  },
  "overall": {
    "RMSE@1": 0.06493674573671193,
    "RMSE@20": 0.06861300772369208,
    "RMSE@5": 0.06546557832369819,
    "RMSE@50": 0.06675248934205115,
    "candidate_records": 71930,
    "collision_rate": 0.1428750173780064,
    "exact_cover_any@1": 1.0,
    "exact_cover_any@20": 1.0,
    "exact_cover_any@5": 1.0,
    "exact_cover_any@50": 1.0,
    "exact_cover_retained": 1.0,
    "formula_consistency": 0.9809537049909635,
    "formula_ok_any@1": 0.9997732940376332,
    "formula_ok_any@20": 0.9997732940376332,
    "formula_ok_any@5": 0.9997732940376332,
    "formula_ok_any@50": 0.9997732940376332,
    "legal_cif_rate": 0.9809537049909635,
    "match@1": 0.203128542280662,
    "match@20": 0.27952845159827705,
    "match@5": 0.26479256404443435,
    "match@50": 0.27998186352301063,
    "mean_geometry_proposals_per_skeleton": 3.966582110951803,
    "samples": 4411,
    "sg_consistency": 0.9345613791185875,
    "sg_ok_any@1": 0.9936522330537293,
    "sg_ok_any@20": 0.9943323509408297,
    "sg_ok_any@5": 0.9943323509408297,
    "sg_ok_any@50": 0.9943323509408297,
    "skeleton_hit_coverage@1": 0.5431874858308774,
    "skeleton_hit_coverage@20": 0.8549081840852415,
    "skeleton_hit_coverage@5": 0.8002720471548401,
    "skeleton_hit_coverage@50": 0.8669236000906824,
    "skeleton_to_match_conversion@1": 0.32679465776293826,
    "skeleton_to_match_conversion@20": 0.31874834261469104,
    "skeleton_to_match_conversion@5": 0.32237960339943345,
    "skeleton_to_match_conversion@50": 0.3148535564853556,
    "unique_predicted_skeletons": 18134,
    "valid_any@1": 0.9845839945590569,
    "valid_any@20": 0.9845839945590569,
    "valid_any@5": 0.9845839945590569,
    "valid_any@50": 0.9845839945590569,
    "valid_rate": 0.825663839844293,
    "volume_per_atom_ok_rate": 0.9806617544835257
  },
  "rows_ge7": {
    "RMSE@1": 0.06416882205447941,
    "RMSE@20": 0.05690601369240405,
    "RMSE@5": 0.059610451644205927,
    "RMSE@50": 0.057054759831388,
    "candidate_records": 37008,
    "collision_rate": 0.14885970600951146,
    "exact_cover_any@1": 1.0,
    "exact_cover_any@20": 1.0,
    "exact_cover_any@5": 1.0,
    "exact_cover_any@50": 1.0,
    "exact_cover_retained": 1.0,
    "formula_consistency": 0.9731679636835279,
    "formula_ok_any@1": 0.999508116084604,
    "formula_ok_any@20": 0.999508116084604,
    "formula_ok_any@5": 0.999508116084604,
    "formula_ok_any@50": 0.999508116084604,
    "legal_cif_rate": 0.9731679636835279,
    "match@1": 0.1042793900639449,
    "match@20": 0.13034923757993114,
    "match@5": 0.12592228234136743,
    "match@50": 0.1308411214953271,
    "mean_geometry_proposals_per_skeleton": 3.9793548387096775,
    "samples": 2033,
    "sg_consistency": 0.93558149589278,
    "sg_ok_any@1": 0.9926217412690606,
    "sg_ok_any@20": 0.9940973930152484,
    "sg_ok_any@5": 0.9940973930152484,
    "sg_ok_any@50": 0.9940973930152484,
    "skeleton_hit_coverage@1": 0.5371372356123955,
    "skeleton_hit_coverage@20": 0.8081652729955731,
    "skeleton_hit_coverage@5": 0.7604525332021643,
    "skeleton_hit_coverage@50": 0.8268568617806198,