{
  "baseline_reference": {
    "crystallm_k50_rows_ge7": {
      "candidate_records": 114750,
      "covered_samples": 2295,
      "first_hit_rank_bins": {
        "1": 123,
        "2-5": 109,
        "21-50": 82,
        "6-20": 109,
        "none": 1872
      },
      "first_hit_rank_mean": 10.361702127659575,
      "first_hit_rank_median": 5.0,
      "missing_samples": 0,
      "samples": 2295,
      "target_row_count_mean": 11.33202614379085,
      "top1_hits": 123,
      "top1_match": 0.05359477124183006,
      "top1_rmse": 0.21933776657347934,
      "top1_valid_any": 0.9773420479302832,
      "top20_hits": 341,
      "top20_match": 0.1485838779956427,
      "top20_rmse": 0.322085525854781,
      "top20_valid_any": 0.9978213507625272,
      "top50_hits": 423,
      "top50_match": 0.1843137254901961,
      "top50_rmse": 0.34238958187698,
      "top50_valid_any": 0.9978213507625272,
      "top5_hits": 232,
      "top5_match": 0.10108932461873639,
      "top5_rmse": 0.2733242165804992,
      "top5_valid_any": 0.9973856209150327
    },
    "note": "validation baseline reference from opentry_12 exp6; not used for proposal generation",
    "symcif_v5_rows_ge7": {
      "covered_samples": 2108,
      "mean_candidates_per_covered_sample": 5.47865275142315,
      "missing_samples": 187,
      "samples": 2295,
      "top1_RMSE": 0.1148666674061494,
      "top1_exact_cover_feasible_any": 0.893681917211329,
      "top1_formula_ok_any": 0.8941176470588236,
      "top1_hits": 241,
      "top1_match_coverage": 0.10501089324618737,
      "top1_sample_skeleton_to_match_conversion": 0.10951327433628319,
      "top1_sg_ok_any": 0.8941176470588236,
      "top1_skeleton_hit_any": 0.39389978213507626,
      "top1_valid_any": 0.23485838779956428,
      "top1_wa_hit_any": 0.0318082788671024,
      "top20_RMSE": 0.12388783713230973,
      "top20_exact_cover_feasible_any": 0.9041394335511983,
      "top20_formula_ok_any": 0.905446623093682,
      "top20_hits": 334,
      "top20_match_coverage": 0.14553376906318083,
      "top20_sample_skeleton_to_match_conversion": 0.13119834710743802,
      "top20_sg_ok_any": 0.905446623093682,
      "top20_skeleton_hit_any": 0.42178649237472765,
      "top20_valid_any": 0.41045751633986927,
      "top20_wa_hit_any": 0.037037037037037035,
      "top50_RMSE": 0.12388783713230973,
      "top50_exact_cover_feasible_any": 0.9041394335511983,
      "top50_formula_ok_any": 0.905446623093682,
      "top50_hits": 334,
      "top50_match_coverage": 0.14553376906318083,
      "top50_sample_skeleton_to_match_conversion": 0.13119834710743802,
      "top50_sg_ok_any": 0.905446623093682,
      "top50_skeleton_hit_any": 0.42178649237472765,
      "top50_valid_any": 0.41045751633986927,
      "top50_wa_hit_any": 0.037037037037037035,
      "top5_RMSE": 0.12045788158835147,
      "top5_exact_cover_feasible_any": 0.9037037037037037,
      "top5_formula_ok_any": 0.9050108932461873,
      "top5_hits": 328,
      "top5_match_coverage": 0.14291938997821352,
      "top5_sample_skeleton_to_match_conversion": 0.1323529411764706,
      "top5_sg_ok_any": 0.9050108932461873,
      "top5_skeleton_hit_any": 0.4148148148148148,
      "top5_valid_any": 0.3895424836601307,
      "top5_wa_hit_any": 0.03616557734204793
    }
  },
  "candidate_level": {
    "exact_cover_feasible_rate": 1.0,
    "source_counts": {
      "train_all_exact_cover_fallback": 8467,
      "train_all_exact_formula_fallback": 32,
      "train_rows_ge7_exact_cover_formula_nearest": 9619,
      "train_rows_ge7_exact_formula": 16
    }
  },
  "data_scale": {
    "hydrated_eval_candidates": 25840,
    "hydrated_eval_samples": 4574,
    "proposal_candidates": 18134,
    "train_repr_records": 25998,
    "train_rows_ge7_records": 6863,
    "validation_repr_records": 4727,
    "validation_rows_ge7_records": 2197
  },
  "dataset": "mpts_52",
  "decision": {
    "next_step": "bind proposed exact-cover skeletons to learned geometry repair instead of ordinary scorer/rerank",
    "reason": "Although the proposer supplies exact-cover skeletons, hydrated rows>=7 match@20/top50 remains below the required +5pp route and skeleton-to-match conversion is low; this is a proposer diagnostic, not an official claim.",
    "validation_gate_pass": false
  },
  "experiment": "opentry_13_exp3_rows_ge7_train_derived_skeleton_proposer_validation_gate",
  "method": {
    "hydrated_match_logic": "Map proposed skeletons to existing SymCIF v5 validation candidates that already have StructureMatcher metrics; unhydrated proposed skeletons are not counted as matches.",
    "inference_inputs": [
      "composition/formula",
      "GT-SG",
      "train-derived skeleton prototypes"
    ],
    "name": "rows_ge7_train_exact_cover_skeleton_proposer",
    "not_used_at_inference": [
      "validation/test match labels",
      "RMSD",
      "StructureMatcher result",
      "GT-WA",
      "GT-skeleton",
      "candidate fusion",
      "hard-negative scorer",
      "RF/HGB rerank"
    ],
    "proposal_logic": "Index train records by GT-SG and atom_count; prioritize train rows>=7 exact-cover skeletons, then exact-formula and formula-nearest exact-cover prototypes; keep unique top50 skeletons."
  },
  "overall": {
    "candidate_nonempty_rate": 0.9331499894224666,
    "hydrated_candidate_count_mean": 4.994499682674,
    "hydrated_samples": 4388,
    "proposal_count_mean": 3.83625978421832,
    "rows_ge7_samples": 2197,
    "samples": 4727,
    "top1_exact_cover_feasible_any": 0.9331499894224666,
    "top1_hydrated_RMSE": 0.11364045976205807,
    "top1_hydrated_exact_cover_any": 0.9204569494393907,
    "top1_hydrated_formula_ok_any": 0.9204569494393907,
    "top1_hydrated_match_coverage": 0.2612650729849799,
    "top1_hydrated_sg_ok_any": 0.9204569494393907,
    "top1_hydrated_skeleton_to_match_conversion": 0.4273356401384083,
    "top1_hydrated_target_skeleton_coverage": 0.6113814258514915,
    "top1_hydrated_valid_any": 0.41083139411889147,
    "top1_proposal_skeleton_to_hydrated_match_conversion": 0.4367043847241867,
    "top1_skeleton_hit_coverage": 0.5982652845356463,
    "top20_exact_cover_feasible_any": 0.9331499894224666,
    "top20_hydrated_RMSE": 0.104079890481688,
    "top20_hydrated_exact_cover_any": 0.9259572667653904,
    "top20_hydrated_formula_ok_any": 0.9259572667653904,
    "top20_hydrated_match_coverage": 0.3752908821662788,
    "top20_hydrated_sg_ok_any": 0.9259572667653904,
    "top20_hydrated_skeleton_to_match_conversion": 0.4897846493649917,
    "top20_hydrated_target_skeleton_coverage": 0.766236513645018,
    "top20_hydrated_valid_any": 0.5796488258938015,
    "top20_proposal_skeleton_to_hydrated_match_conversion": 0.4639121338912134,
    "top20_skeleton_hit_coverage": 0.808969748254707,
    "top50_exact_cover_feasible_any": 0.9331499894224666,
    "top50_hydrated_RMSE": 0.104079890481688,
    "top50_hydrated_exact_cover_any": 0.9259572667653904,
    "top50_hydrated_formula_ok_any": 0.9259572667653904,
    "top50_hydrated_match_coverage": 0.3752908821662788,
    "top50_hydrated_sg_ok_any": 0.9259572667653904,
    "top50_hydrated_skeleton_to_match_conversion": 0.4897846493649917,
    "top50_hydrated_target_skeleton_coverage": 0.766236513645018,
    "top50_hydrated_valid_any": 0.5796488258938015,
    "top50_proposal_skeleton_to_hydrated_match_conversion": 0.4639121338912134,
    "top50_skeleton_hit_coverage": 0.808969748254707,
    "top5_exact_cover_feasible_any": 0.9331499894224666,
    "top5_hydrated_RMSE": 0.10380488358039995,
    "top5_hydrated_exact_cover_any": 0.9257457160990057,
    "top5_hydrated_formula_ok_any": 0.9257457160990057,
    "top5_hydrated_match_coverage": 0.36661730484451027,
    "top5_hydrated_sg_ok_any": 0.9257457160990057,
    "top5_hydrated_skeleton_to_match_conversion": 0.5023188405797101,
    "top5_hydrated_target_skeleton_coverage": 0.729849799026867,
    "top5_hydrated_valid_any": 0.5616670192511106,
    "top5_proposal_skeleton_to_hydrated_match_conversion": 0.4731094731094731,