{
  "decision": {
    "next_step": "Construct train-split predicted-skeleton/noisy exact-cover geometry pairs or move to rows>=7 multi-geometry proposals with inference-safe structural filtering.",
    "verdict": "fail_and_do_not_claim_as_predicted_skeleton_aware_repair"
  },
  "diagnostic_old_repair": {
    "data_scale": {
      "candidate_records": 2920,
      "evaluated_rows_ge7_samples_with_candidates": 359,
      "evaluated_rows_lt7_samples_with_candidates": 353,
      "evaluated_samples_with_candidates": 712,
      "predicted_skeleton_hit_candidate_records": 629,
      "selected_rows_ge7_samples": 384,
      "selected_rows_lt7_samples": 384,
      "selected_samples": 768,
      "top_k": 20
    },
    "geometry_model": "/data/users/xsw/autodlmini/model/New_model/symcif_experiment/runs/symcif_v4_geometry_model_no_oversampling/ckpt_best.pt",
    "overall": {
      "RMSE@1": 0.17322505877881125,
      "RMSE@20": 0.14124594524425876,
      "RMSE@5": 0.1372383248368937,
      "after_match@1": 0.037921348314606744,
      "after_match@20": 0.06741573033707865,
      "after_match@5": 0.06460674157303371,
      "before_match@1": 0.2696629213483146,
      "before_match@20": 0.3848314606741573,
      "before_match@5": 0.37640449438202245,
      "before_negative_samples@1": 520,
      "before_negative_samples@20": 438,
      "before_negative_samples@5": 444,
      "candidate_records": 2920,
      "collision_rate": 0.23013698630136986,
      "converted_samples@1": 2,
      "converted_samples@20": 0,
      "converted_samples@5": 0,
      "delta_match@1": -0.23174157303370785,
      "delta_match@20": -0.31741573033707865,
      "delta_match@5": -0.31179775280898875,
      "exact_cover_any@1": 1.0,
      "exact_cover_any@20": 1.0,
      "exact_cover_any@5": 1.0,
      "exact_cover_retained_rate": 1.0,
      "formula_consistency_rate": 0.4160958904109589,
      "formula_ok_any@1": 0.4705056179775281,
      "formula_ok_any@20": 0.550561797752809,
      "formula_ok_any@5": 0.5337078651685393,
      "parse_success_rate": 0.4160958904109589,
      "render_success_rate": 1.0,
      "repair_conversion@1": 0.0038461538461538464,
      "repair_conversion@20": 0.0,
      "repair_conversion@5": 0.0,
      "samples": 712,
      "sg_consistency_rate": 0.3113013698630137,
      "sg_ok_any@1": 0.3651685393258427,
      "sg_ok_any@20": 0.46629213483146065,
      "sg_ok_any@5": 0.4339887640449438,
      "skeleton_hit_coverage@1": 0.6741573033707865,
      "skeleton_hit_coverage@20": 0.8834269662921348,
      "skeleton_hit_coverage@5": 0.8553370786516854,
      "skeleton_to_match_conversion@1": 0.05416666666666667,
      "skeleton_to_match_conversion@20": 0.07631160572337042,
      "skeleton_to_match_conversion@5": 0.0755336617405583,
      "valid_any@1": 0.2401685393258427,
      "valid_any@20": 0.3103932584269663,
      "valid_any@5": 0.30196629213483145,
      "valid_rate": 0.18595890410958904
    },
    "rows_ge7": {
      "RMSE@1": null,
      "RMSE@20": null,
      "RMSE@5": null,
      "after_match@1": 0.0,
      "after_match@20": 0.0,
      "after_match@5": 0.0,
      "before_match@1": 0.12813370473537605,
      "before_match@20": 0.16434540389972144,
      "before_match@5": 0.16434540389972144,
      "before_negative_samples@1": 313,
      "before_negative_samples@20": 300,
      "before_negative_samples@5": 300,
      "candidate_records": 1670,
      "collision_rate": 0.15089820359281436,
      "converted_samples@1": 0,
      "converted_samples@20": 0,
      "converted_samples@5": 0,
      "delta_match@1": -0.12813370473537605,
      "delta_match@20": -0.16434540389972144,
      "delta_match@5": -0.16434540389972144,
      "exact_cover_any@1": 1.0,
      "exact_cover_any@20": 1.0,
      "exact_cover_any@5": 1.0,
      "exact_cover_retained_rate": 1.0,
      "formula_consistency_rate": 0.16227544910179642,
      "formula_ok_any@1": 0.16434540389972144,
      "formula_ok_any@20": 0.2395543175487465,
      "formula_ok_any@5": 0.22841225626740946,
      "parse_success_rate": 0.16227544910179642,
      "render_success_rate": 1.0,
      "repair_conversion@1": 0.0,
      "repair_conversion@20": 0.0,
      "repair_conversion@5": 0.0,
      "samples": 359,
      "sg_consistency_rate": 0.04790419161676647,
      "sg_ok_any@1": 0.033426183844011144,
      "sg_ok_any@20": 0.10863509749303621,
      "sg_ok_any@5": 0.0807799442896936,
      "skeleton_hit_coverage@1": 0.6601671309192201,
      "skeleton_hit_coverage@20": 0.8467966573816156,
      "skeleton_hit_coverage@5": 0.83008356545961,
      "skeleton_to_match_conversion@1": 0.0,
      "skeleton_to_match_conversion@20": 0.0,
      "skeleton_to_match_conversion@5": 0.0,
      "valid_any@1": 0.011142061281337047,
      "valid_any@20": 0.03899721448467967,
      "valid_any@5": 0.03899721448467967,
      "valid_rate": 0.011377245508982036
    },
    "source_result": "/data/users/xsw/autodlmini/model/New_model/opentry_13/results/experiment_4_predicted_skeleton_geometry_repair.json"
  },
  "experiment": "opentry_13_exp3_predicted_skeleton_aware_geometry_repair_audit",
  "gates": {
    "experiment_3_claim_allowed": false,
    "failure_reasons": [
      "No trained/optimized geometry repair artifact was found whose training data contains train-split predicted skeleton or exact-cover skeleton noise.",
      "The available diagnostic repair uses the existing GT-WA-style structured geometry training data root, so it cannot satisfy the experiment-3 training condition.",
      "The diagnostic repair also fails the structure gate and repair gate on the predicted-skeleton validation subset."
    ],
    "repair_gate_pass": false,
    "structure_gate_pass": false
  },
  "inputs": {
    "diagnostic_repair_result": "/data/users/xsw/autodlmini/model/New_model/opentry_13/results/experiment_4_predicted_skeleton_geometry_repair.json",
    "geometry_training_summary": "/data/users/xsw/autodlmini/model/New_model/symcif_experiment/runs/symcif_v4_geometry_model_no_oversampling/training_summary.json",
    "renderer_gate_result": "/data/users/xsw/autodlmini/model/New_model/opentry_13/results/experiment_2_predicted_skeleton_renderer_site_mapping.json"
  },
  "purpose": "Check whether the current learned geometry repair satisfies the required predicted-skeleton-aware training condition.",
  "renderer_gate": {
    "overall_passed": true,
    "raw_train_prototype_passed": false,
    "selected_train_prototype_passed": true
  },
  "time": "2026-06-29T07:20:02+00:00",
  "training_data_audit": {
    "geometry_model_best_val_loss": 0.4099014699459076,
    "geometry_model_data_root": "/data/users/xsw/autodlmini/model/New_model/symcif_experiment/data/structured_symcif_v4_reextracted",
    "predicted_skeleton_noise_training_artifact_found": false,
    "required_by_goal": "train split predicted skeleton / exact-cover skeleton noise, not GT-WA or GT-skeleton",
    "verdict": "missing_required_training_condition"
  }
}
