{
  "all": {
    "RMSE@1": 0.16545565377369317,
    "RMSE@20": 0.12967171157198326,
    "RMSE@5": 0.11700977981708627,
    "match@1": 0.17144268774703558,
    "match@20": 0.4114377470355731,
    "match@5": 0.36054841897233203,
    "matched_samples_for_RMSE@1": 1388,
    "matched_samples_for_RMSE@20": 3331,
    "matched_samples_for_RMSE@5": 2919,
    "positive_any": 3331,
    "positive_any_rate": 0.4114377470355731,
    "samples": 8096
  },
  "baseline_all": {
    "RMSE@1": 0.16551166506411208,
    "RMSE@20": 0.17464967883940366,
    "RMSE@5": 0.17020933874568023,
    "match@1": 0.17181324110671936,
    "match@20": 0.31521739130434784,
    "match@5": 0.24345355731225296,
    "matched_samples_for_RMSE@1": 1391,
    "matched_samples_for_RMSE@20": 2552,
    "matched_samples_for_RMSE@5": 1971,
    "positive_any": 2552,
    "positive_any_rate": 0.31521739130434784,
    "samples": 8096
  },
  "baseline_rows_ge7": {
    "RMSE@1": 0.1850717583352901,
    "RMSE@20": 0.19412066380458354,
    "RMSE@5": 0.19034882854406532,
    "match@1": 0.14319433516915814,
    "match@20": 0.2787831104117493,
    "match@5": 0.2094151586677157,
    "matched_samples_for_RMSE@1": 1092,
    "matched_samples_for_RMSE@20": 2126,
    "matched_samples_for_RMSE@5": 1597,
    "positive_any": 2126,
    "positive_any_rate": 0.2787831104117493,
    "samples": 7626
  },
  "baseline_source": "/data/users/xsw/autodlmini/model/New_model/opentry_7/metrics/pure_crystallm_gt_sg_mpts_52_test_k20.json",
  "candidate_eval": [
    "/data/users/xsw/autodlmini/model/New_model/opentry_12/official_eval/c2s3c15_mpts52_test_clean_rerun2_20260629/candidate_eval.jsonl.gz",
    "/data/users/xsw/autodlmini/model/New_model/opentry_12/official_eval/c2s3c15_mpts52_test_clean_rerun2_20260629/candidate_eval_resume_from_2755_part1.jsonl.gz",
    "/data/users/xsw/autodlmini/model/New_model/opentry_12/official_eval/c2s3c15_mpts52_test_clean_rerun2_20260629/candidate_eval_resume_from_5328_part1.jsonl.gz"
  ],
  "candidate_quality": {
    "candidate_eval_segments": [
      "/data/users/xsw/autodlmini/model/New_model/opentry_12/official_eval/c2s3c15_mpts52_test_clean_rerun2_20260629/candidate_eval.jsonl.gz",
      "/data/users/xsw/autodlmini/model/New_model/opentry_12/official_eval/c2s3c15_mpts52_test_clean_rerun2_20260629/candidate_eval_resume_from_2755_part1.jsonl.gz",
      "/data/users/xsw/autodlmini/model/New_model/opentry_12/official_eval/c2s3c15_mpts52_test_clean_rerun2_20260629/candidate_eval_resume_from_5328_part1.jsonl.gz"
    ],
    "evaluated_candidate_records": 161920,
    "formula_ok_any@1": 0.46282114624505927,
    "formula_ok_any@20": 0.9376235177865613,
    "formula_ok_any@5": 0.9129199604743083,
    "known_exact_cover_any@1": 0.0,
    "known_exact_cover_any@20": 0.8588191699604744,
    "known_exact_cover_any@5": 0.8588191699604744,
    "slot_formula_consistency_rate": 0.4798171936758893,
    "slot_sg_consistency_rate": 0.9329668972332016,
    "slot_valid_rate": 0.9392848320158103,
    "source_counts": {
      "C": 142720,
      "S": 19200
    },
    "space_group_ok_any@1": 0.8780879446640316,
    "space_group_ok_any@20": 0.9891304347826086,
    "space_group_ok_any@5": 0.9880187747035574,
    "symcif_candidates": 19200,
    "symcif_skeleton_hit_candidates": 4622,
    "symcif_skeleton_hit_to_match_conversion": 0.19428818693206404,
    "symcif_slot_exact_cover_feasible_rate": 0.9808854166666666,
    "valid_any@1": 0.8830286561264822,
    "valid_any@20": 0.9898715415019763,
    "valid_any@5": 0.9895009881422925
  },
  "candidate_source": "/data/users/xsw/autodlmini/model/New_model/opentry_12/candidates/c2s3c15_mpts52_test_k20.jsonl.gz",
  "candidate_timeout_seconds": 8.0,
  "contribution_boundary": "auxiliary hybrid route only; not paper main method",
  "dataset": "mpts_52",
  "delta_vs_crystallm_baseline_all": {
    "match@1": -0.00037055335968377845,
    "match@20": 0.09622035573122528,
    "match@5": 0.11709486166007907
  },
  "delta_vs_crystallm_baseline_rows_ge7": {
    "match@1": -0.00039339103068450343,
    "match@20": 0.10057697351167055,
    "match@5": 0.12063991607658014
  },
  "eval_name": "c2s3c15_mpts52_test_clean_rerun2_20260629",
  "experiment": "experiment_1_c2s3c15_once_only_official",
  "official_once_policy": "This summary is the one-shot frozen official evaluation for C2S3C15. Do not tune route from this result.",
  "route": "C2S3C15",
  "rows_ge7": {
    "RMSE@1": 0.18505425292547562,
    "RMSE@20": 0.1393844818530717,
    "RMSE@5": 0.12604647374846972,
    "match@1": 0.14280094413847363,
    "match@20": 0.37936008392341986,
    "match@5": 0.33005507474429585,
    "matched_samples_for_RMSE@1": 1089,
    "matched_samples_for_RMSE@20": 2893,
    "matched_samples_for_RMSE@5": 2517,
    "positive_any": 2893,
    "positive_any_rate": 0.37936008392341986,
    "samples": 7626
  },
  "sample_metrics": "/data/users/xsw/autodlmini/model/New_model/opentry_12/official_eval/c2s3c15_mpts52_test_clean_rerun2_20260629/sample_metrics.jsonl",
  "sample_timeout_seconds": 180.0,
  "samples": 8096,
  "sequence": [
    "C",
    "C",
    "S",
    "S",
    "S",
    "C",
    "C",
    "C",
    "C",
    "C",
    "C",
    "C",
    "C",
    "C",
    "C",
    "C",
    "C",
    "C",
    "C",
    "C"
  ],
  "split": "test",
  "structure_matcher": {
    "angle_tol": 10,
    "ltol": 0.3,
    "stol": 0.5
  },
  "time": "2026-06-29T02:47:17+00:00"
}
