{
  "auxiliary_hybrid_rows": [
    {
      "boundary": "frozen auxiliary route; cannot be claimed as core scientific method",
      "delta": {
        "overall": {
          "match@1": -0.00037055335968377845,
          "match@20": 0.09622035573122528,
          "match@5": 0.11709486166007907
        },
        "rows_ge7": {
          "match@1": -0.00039339103068450343,
          "match@20": 0.10057697351167055,
          "match@5": 0.12063991607658014
        }
      },
      "gate": "passes_auxiliary_mpts52_official_k5_k20",
      "name": "C2S3C15 frozen official",
      "overall_match": {
        "match@1": 0.17144268774703558,
        "match@20": 0.4114377470355731,
        "match@5": 0.36054841897233203
      },
      "overall_rmse": {
        "RMSE@1": 0.16545565377369317,
        "RMSE@20": 0.12967171157198326,
        "RMSE@5": 0.11700977981708627
      },
      "quality": {
        "exact_cover_feasible_rate": 0.9808854166666666,
        "formula_consistency": 0.4798171936758893,
        "sg_consistency": 0.9329668972332016,
        "skeleton_hit_to_match_conversion": 0.19428818693206404,
        "valid_rate": 0.9392848320158103
      },
      "role": "auxiliary_hybrid_official",
      "rows_ge7_match": {
        "rows>=7_match@1": 0.14280094413847363,
        "rows>=7_match@20": 0.37936008392341986,
        "rows>=7_match@5": 0.33005507474429585
      },
      "rows_ge7_rmse": {
        "rows>=7_RMSE@1": 0.18505425292547562,
        "rows>=7_RMSE@20": 0.1393844818530717,
        "rows>=7_RMSE@5": 0.12604647374846972
      },
      "scope": "MPTS-52 official full-test once"
    },
    {
      "boundary": "same frozen idea, validation-like only; MP-20 overall does not pass +5pp gate",
      "delta": {
        "overall": {
          "match@1": 0.0,
          "match@20": 0.02376478390626735,
          "match@5": 0.032828561954239
        },
        "rows_ge7": {
          "match@1": 0.0,
          "match@20": 0.07034482758620686,
          "match@5": 0.09724137931034482
        }
      },
      "gate": "rows_ge7_passes_but_overall_fails_transfer_gate",
      "name": "C2S3C15 MP-20 transfer",
      "overall_match": {
        "match@1": 0.7273129214104123,
        "match@20": 0.9000773737150437,
        "match@5": 0.8637117276445231
      },
      "overall_rmse": {
        "RMSE@1": 0.051468111249665736,
        "RMSE@20": 0.03680738266100378,
        "RMSE@5": 0.040890847218967914
      },
      "quality": {
        "exact_cover_feasible_rate": 0.7923339459175637,
        "formula_consistency": 0.7923339459175637,
        "sg_consistency": 0.7923339459175637,
        "skeleton_hit_to_match_conversion": 0.6343070502965078,
        "valid_rate": 0.5875557889209766
      },
      "role": "auxiliary_hybrid_transfer_check",
      "rows_ge7_match": {
        "rows>=7_match@1": 0.29310344827586204,
        "rows>=7_match@20": 0.6268965517241379,
        "rows>=7_match@5": 0.5413793103448276
      },
      "rows_ge7_rmse": {
        "rows>=7_RMSE@1": 0.12543890827812146,
        "rows>=7_RMSE@20": 0.09649683121764466,
        "rows>=7_RMSE@5": 0.10224240701044966
      },
      "scope": "MP-20 validation-like replay"
    }
  ],
  "cpu_policy": {
    "logical_cpus": 128,
    "policy": "bounded_cpu_use",
    "thread_env": {
      "MKL_NUM_THREADS": "1",
      "NUMEXPR_NUM_THREADS": "1",
      "OMP_NUM_THREADS": "1",
      "OPENBLAS_NUM_THREADS": "1"
    },
    "used_parallel_workers": 1
  },
  "experiment": "experiment_7_main_method_ablation_and_hybrid_boundary",
  "experiment_2_attribution_key": {
    "rows_ge7_k20_net_gain_share": 0.9845956354300385,
    "rows_ge7_k5_net_gain_share": 0.9704641350210971,
    "s_only_after_c17_rows_ge7": 817
  },
  "experiment_6_rows_ge7_key": {
    "crystallm_k50_top50_rows_ge7": 0.1843137254901961,
    "rows_ge7_primary_bottleneck": "coverage plus skeleton-to-match conversion, not ordinary ranking",
    "symcif_v5_top50_rows_ge7": 0.14553376906318083
  },
  "final_judgment": {
    "auxiliary_hybrid_success_mpts52": true,
    "coverage_solved": false,
    "geometry_repair_component_continue": true,
    "main_method_success": false,
    "mp20_overall_transfer_success": false,
    "next_mainline": "rows>=7-specialized exact-cover skeleton proposer plus learned geometry repair; evaluate on validation/half-train gate before any official",
    "ordinary_scorer_stopped": true,
    "reason": "Only C2S3C15 passes +5pp on MPTS-52 official K5/K20, but it is a frozen auxiliary route. Strict validation ablations and SymCIF v5 proposer do not solve overall coverage; learned geometry works only under oracle GT-WA."
  },
  "inputs": {
    "experiment_1": "/data/users/xsw/autodlmini/model/New_model/opentry_12/results/experiment_1_c2s3c15_official.json",
    "experiment_2": "/data/users/xsw/autodlmini/model/New_model/opentry_12/results/experiment_2_c2s3c15_attribution.json",
    "experiment_3": "/data/users/xsw/autodlmini/model/New_model/opentry_12/results/experiment_3_mp20_transfer_c2s3c15.json",
    "experiment_4": "/data/users/xsw/autodlmini/model/New_model/opentry_12/results/experiment_4_learned_geometry_repair_audit.json",
    "experiment_5": "/data/users/xsw/autodlmini/model/New_model/opentry_12/results/experiment_5_skeleton_proposer_audit.json",
    "experiment_6": "/data/users/xsw/autodlmini/model/New_model/opentry_12/results/experiment_6_rows_ge7_specialized_audit.json",
    "strict_ablation": "/data/users/xsw/autodlmini/model/New_model/opentry_11/results/experiment_8_strict_integrated_ablation.json"
  },
  "module_roles": {
    "auxiliary_or_diagnostic_only": [
      "C2S3C15 frozen hybrid route",
      "Track A scorer",
      "hard-negative scorer v2",
      "ordinary rerank/fusion/HGB/RF routes"
    ],
    "main_method_candidates": [
      "Wyckoff/exact-cover constrained skeleton proposal",
      "SymCIF neural skeleton/geometry proposer",
      "symmetry-preserving learned geometry repair",
      "rows>=7-specialized generation/repair"
    ],
    "stopped": [
      "ordinary threshold tuning",
      "C/S ratio search after C2S3C15 freeze",
      "deterministic wrap/jitter geometry repair"
    ]
  },
  "time": "2026-06-29T03:14:20+00:00",
  "validation_ablation_rows": [
    {
      "boundary": "reference",
      "delta": {
        "match@1": 0.0,
        "match@20": 0.0,
        "match@5": 0.0,
        "rows>=7_match@1": 0.0,
        "rows>=7_match@20": 0.0,
        "rows>=7_match@5": 0.0
      },
      "gate": "reference",
      "name": "原 GT-SG baseline",
      "overall_match": {
        "match@1": 0.3002,
        "match@20": 0.48,
        "match@5": 0.4048
      },
      "overall_rmse": {
        "rmsd@1": 0.1255473167029314,
        "rmsd@20": 0.12916433166141666,
        "rmsd@5": 0.1202741141764822
      },
      "quality": {
        "exact_cover_feasible_rate": 0.78029,
        "formula_consistency": 0.96743,
        "sg_consistency": 0.99843,
        "skeleton_hit_to_match_conversion": 0.3854976995732356,
        "valid_rate": 0.74868
      },
      "role": "reference_baseline",
      "rows_ge7_match": {
        "rows>=7_match@1": 0.053228621291448515,
        "rows>=7_match@20": 0.1474694589877836,
        "rows>=7_match@5": 0.09991273996509599
      },
      "rows_ge7_rmse": {
        "rows>=7_RMSE@1": 0.22097429556639345,
        "rows>=7_RMSE@20": 0.26146418570828406,
        "rows>=7_RMSE@5": 0.23216901133886464
      },
      "scope": "MPTS-52 validation K50 full"
    },
    {
      "boundary": "sorting_only",
      "delta": {
        "match@1": 0.030999999999999972,
        "match@20": 0.009000000000000008,
        "match@5": 0.015000000000000013,
        "rows>=7_match@1": 0.01178010471204189,
        "rows>=7_match@20": 0.010471204188481659,
        "rows>=7_match@5": 0.007853403141361251
      },
      "gate": "fail_main_gate",
      "name": "baseline + Track A scorer",
      "overall_match": {
        "match@1": 0.3312,
        "match@20": 0.489,
        "match@5": 0.4198
      },