{
  "anchor": {
    "match_at_1": 0.2523,
    "match_at_20": 0.4396,
    "match_at_5": 0.3646
  },
  "dataset": "MPTS-52",
  "delta_vs_anchor_pp": {
    "match_at_1": 0.8446047430829995,
    "match_at_20": 0.09879446640316258,
    "match_at_5": -0.232233201581028
  },
  "failure_reason": "No official match metric improves over the CrystaLLM-a GT-SG anchor by >= 1.0 percentage point.",
  "official_test": {
    "match_at_1": 0.26074604743083,
    "match_at_20": 0.4405879446640316,
    "match_at_5": 0.3622776679841897,
    "n_ids": 8096,
    "rmse_at_1": 0.12163765872999421,
    "rmse_at_20": 0.13171418275999497,
    "rmse_at_5": 0.12223707759891896
  },
  "protocol": "CrystaLLM Table 3 official full-test",
  "success_standard_met": false,
  "system": "mpts52_k30_rf_seed1_bestscore_route",
  "test_feedback_policy": "Do not use these official aggregates to tune thresholds or select a new K30 route."
}
