{
  "baseline_subset_match_samples": 45,
  "baseline_subset_skeleton_samples": 195,
  "experiment": "opentry_14_exp2d_site_assignment_smoke256",
  "method": "top10 predicted skeleton proposals x up to 4 exact-cover element assignments, source lattice/free params, no match/RMSD/GT-WA/GT-skeleton in inference",
  "new_match_samples_vs_exp2b_subset": 7,
  "new_skeleton_match_samples_vs_exp2b_subset": 7,
  "render_failures": {},
  "runtime_seconds": 12.600523471832275,
  "selected_samples": 256,
  "summary": {
    "RMSE@1": 0.13099070448076325,
    "RMSE@20": 0.05445151919607938,
    "RMSE@5": 0.0812836345245043,
    "RMSE@50": 0.05821290650249705,
    "candidate_records": 4468,
    "collision_rate": 0.051924798567591766,
    "exact_cover_any@1": 1.0,
    "exact_cover_any@20": 1.0,
    "exact_cover_any@5": 1.0,
    "exact_cover_any@50": 1.0,
    "exact_cover_retained": 1.0,
    "formula_consistency": 0.9973142345568488,
    "formula_ok_any@1": 0.9918367346938776,
    "formula_ok_any@20": 0.9918367346938776,
    "formula_ok_any@5": 0.9918367346938776,
    "formula_ok_any@50": 0.9918367346938776,
    "legal_cif_rate": 0.9973142345568488,
    "match@1": 0.05714285714285714,
    "match@20": 0.1306122448979592,
    "match@5": 0.08571428571428572,
    "match@50": 0.14285714285714285,
    "mean_geometry_proposals_per_skeleton": 3.9964221824686943,
    "samples": 245,
    "sg_consistency": 0.9800805729632945,
    "sg_ok_any@1": 0.9918367346938776,
    "sg_ok_any@20": 0.9918367346938776,
    "sg_ok_any@5": 0.9918367346938776,
    "sg_ok_any@50": 0.9918367346938776,
    "skeleton_hit_coverage@1": 0.34285714285714286,
    "skeleton_hit_coverage@20": 0.6979591836734694,
    "skeleton_hit_coverage@5": 0.5061224489795918,
    "skeleton_hit_coverage@50": 0.7959183673469388,
    "skeleton_to_match_conversion@1": 0.14285714285714285,
    "skeleton_to_match_conversion@20": 0.18128654970760233,
    "skeleton_to_match_conversion@5": 0.1532258064516129,
    "skeleton_to_match_conversion@50": 0.1794871794871795,
    "unique_predicted_skeletons": 1118,
    "valid_any@1": 0.9591836734693877,
    "valid_any@20": 0.9591836734693877,
    "valid_any@5": 0.9591836734693877,
    "valid_any@50": 0.9591836734693877,
    "valid_rate": 0.9427036705461056,
    "volume_per_atom_ok_rate": 0.9973142345568488
  }
}
