{
  "data_scale": {
    "num_shards": 8,
    "pair_artifact": "/data/users/xsw/autodlmini/model/New_model/opentry_14/artifacts/exp1_predicted_skeleton_noise_pairs/shards/predicted_skeleton_noise_geometry_pairs_shard003_of_008.jsonl.gz",
    "shard_index": 3,
    "top_k_sources_scored": 20,
    "total_records": 6579
  },
  "datasets": {
    "mp20": {
      "failures": {
        "no_exact_cover_source": 266
      },
      "free_param_requiring_samples": 2436,
      "free_param_target_complete_rate": 0.7861219585461099,
      "free_param_target_complete_rate_among_requiring": 0.8169129720853858,
      "free_param_value_recovery_rate": 0.9146809315394175,
      "full_row_alignment_rate": 0.6632622409131872,
      "initial_collision_rate": 0.022829678582156804,
      "initial_exact_cover_rate": 0.9200961249624512,
      "initial_formula_rate": 0.9092820666866926,
      "initial_sg_rate": 0.8645238810453589,
      "initial_valid_rate": 0.8546109942925804,
      "nonempty_pair_rate": 0.9200961249624512,
      "rows_ge7": {
        "free_param_requiring_samples": 473,
        "free_param_target_complete_rate": 0.6405959031657356,
        "free_param_target_complete_rate_among_requiring": 0.7272727272727273,
        "free_param_value_recovery_rate": 0.927652414885194,
        "full_row_alignment_rate": 0.4972067039106145,
        "initial_collision_rate": 0.0148975791433892,
        "initial_exact_cover_rate": 0.8808193668528864,
        "initial_formula_rate": 0.8361266294227188,
        "initial_sg_rate": 0.8175046554934823,
        "initial_valid_rate": 0.8156424581005587,
        "nonempty_pair_rate": 0.8808193668528864,
        "rows_ge7_samples": 537,
        "samples": 537,
        "skeleton_hit_rate": 0.31098696461824954,
        "target_local_stats_rate": 0.8808193668528864,
        "usable_joint_pair_rate": 0.6182495344506518
      },
      "rows_ge7_samples": 537,
      "samples": 3329,
      "skeleton_hit_rate": 0.4010213277260439,
      "source_counts": {
        "rows_ge7_source": 576,
        "rows_lt7_source": 2487
      },
      "target_local_stats_rate": 0.9200961249624512,
      "train_records": 3329,
      "usable_joint_pair_rate": 0.7804145389005708
    },
    "mpts52": {
      "failures": {
        "no_exact_cover_source": 485
      },
      "free_param_requiring_samples": 2366,
      "free_param_target_complete_rate": 0.7172307692307692,
      "free_param_target_complete_rate_among_requiring": 0.8165680473372781,
      "free_param_value_recovery_rate": 0.9354270149014581,
      "full_row_alignment_rate": 0.6283076923076923,
      "initial_collision_rate": 0.05261538461538461,
      "initial_exact_cover_rate": 0.8507692307692307,
      "initial_formula_rate": 0.8476923076923077,
      "initial_sg_rate": 0.7723076923076924,
      "initial_valid_rate": 0.7529230769230769,
      "nonempty_pair_rate": 0.8507692307692307,
      "rows_ge7": {
        "free_param_requiring_samples": 620,
        "free_param_target_complete_rate": 0.5878859857482185,
        "free_param_target_complete_rate_among_requiring": 0.7983870967741935,
        "free_param_value_recovery_rate": 0.9618659987476519,
        "full_row_alignment_rate": 0.5142517814726841,
        "initial_collision_rate": 0.06769596199524941,
        "initial_exact_cover_rate": 0.7363420427553444,
        "initial_formula_rate": 0.7304038004750594,
        "initial_sg_rate": 0.6828978622327792,
        "initial_valid_rate": 0.6460807600950119,
        "nonempty_pair_rate": 0.7363420427553444,
        "rows_ge7_samples": 842,
        "samples": 842,
        "skeleton_hit_rate": 0.38717339667458434,
        "target_local_stats_rate": 0.7363420427553444,
        "usable_joint_pair_rate": 0.5819477434679335
      },
      "rows_ge7_samples": 842,
      "samples": 3250,
      "skeleton_hit_rate": 0.432,
      "source_counts": {
        "rows_ge7_source": 771,
        "rows_lt7_source": 1994
      },
      "target_local_stats_rate": 0.8507692307692307,
      "train_records": 3250,
      "usable_joint_pair_rate": 0.7156923076923077
    }
  },
  "decision": {
    "failure_category": null,
    "next_step": "train joint lattice + free-parameter repair head",
    "verdict": "pass"
  },
  "experiment": "opentry_14_exp1_predicted_skeleton_noise_geometry_pairs",
  "gate": {
    "minimum_standard": {
      "overall_free_param_complete_among_requiring": 0.7,
      "overall_free_param_value_recovery": 0.7,
      "overall_nonempty_pair_rate": 0.8,
      "rows_ge7_free_param_complete_among_requiring": 0.7,
      "rows_ge7_free_param_value_recovery": 0.7,
      "rows_ge7_nonempty_pair_rate": 0.7,
      "target_local_stats_rate": 0.8
    },
    "passed": true
  },
  "method": {
    "datasets": [
      "mp20",
      "mpts52"
    ],
    "not_used": [
      "match",
      "RMSD",
      "StructureMatcher label",
      "GT-WA",
      "GT-skeleton",
      "official feedback",
      "RF/HGB/rerank"
    ],
    "proposer": "train-side exact-cover skeleton proposer using composition/formula + GT-SG + train prototypes; self-source excluded",
    "renderer": "selected_train_prototype-style source lattice/free-params with exact-cover element remapping, rank-1 source for pair construction",
    "split": "train",
    "target_recovery": "train true lattice, target row free parameters when candidate row aligns by orbit_id+element, target local min-distance/volume/collision stats"
  },
  "overall": {
    "free_param_requiring_samples": 4802,
    "free_param_target_complete_rate": 0.7520899832801338,
    "free_param_target_complete_rate_among_requiring": 0.8167430237401083,
    "free_param_value_recovery_rate": 0.9265947413218008,
    "full_row_alignment_rate": 0.6459948320413437,
    "initial_collision_rate": 0.037543699650402794,
    "initial_exact_cover_rate": 0.8858489132086943,
    "initial_formula_rate": 0.8788569691442468,
    "initial_sg_rate": 0.8189694482444141,
    "initial_valid_rate": 0.8043775649794802,
    "nonempty_pair_rate": 0.8858489132086943,
    "rows_ge7": {
      "free_param_requiring_samples": 1093,
      "free_param_target_complete_rate": 0.608411892675852,
      "free_param_target_complete_rate_among_requiring": 0.7676120768526989,
      "free_param_value_recovery_rate": 0.9486078085449107,
      "full_row_alignment_rate": 0.5076142131979695,
      "initial_collision_rate": 0.04713560551124003,
      "initial_exact_cover_rate": 0.7926033357505439,
      "initial_formula_rate": 0.7715736040609137,
      "initial_sg_rate": 0.7353154459753445,
      "initial_valid_rate": 0.7121102248005802,
      "nonempty_pair_rate": 0.7926033357505439,
      "rows_ge7_samples": 1379,
      "samples": 1379,
      "skeleton_hit_rate": 0.3575054387237128,
      "target_local_stats_rate": 0.7926033357505439,
      "usable_joint_pair_rate": 0.5960841189267585
    },
    "rows_ge7_samples": 1379,
    "samples": 6579,
    "skeleton_hit_rate": 0.4163246694026448,
    "target_local_stats_rate": 0.8858489132086943,
    "usable_joint_pair_rate": 0.7484420124639003
  },
  "runtime_seconds": 114.70082068443298,
  "time": "2026-06-29T10:05:29+00:00"
}
