{
  "final_judgment": {
    "coverage_improved": false,
    "failed_conversion_modules": [
      "deterministic geometry repair",
      "SymCIF v5 exact-cover generation without effective geometry conversion"
    ],
    "rows_ge7_best_signal": "generation artifacts improve rows>=7 K1/K5 but not K20 enough and hurt overall K20",
    "sorting_only_modules": [
      "Track A",
      "CPU hard-negative v2",
      "GPU hard-negative scorer"
    ],
    "two_match_metrics_over_5pp": false
  },
  "full_validation": {
    "baseline": {
      "deltas": {
        "match@1": 0.0,
        "match@20": 0.0,
        "match@5": 0.0,
        "rows>=7_match@1": 0.0,
        "rows>=7_match@20": 0.0,
        "rows>=7_match@5": 0.0
      },
      "diagnostics": {
        "collision_rate": 0.37008,
        "exact_cover_feasible_rate": 0.78029,
        "formula_consistency": 0.96743,
        "rows_ge7_selected_candidates": 45840,
        "selected_candidates": 100000,
        "sg_consistency": 0.99843,
        "skeleton_hit_to_match_conversion": 0.3854976995732356,
        "valid_rate": 0.74868
      },
      "metrics": {
        "match@1": 0.3002,
        "match@20": 0.48,
        "match@5": 0.4048,
        "rmsd@1": 0.1255473167029314,
        "rmsd@20": 0.12916433166141666,
        "rmsd@5": 0.1202741141764822,
        "rows>=7_match@1": 0.053228621291448515,
        "rows>=7_match@20": 0.1474694589877836,
        "rows>=7_match@5": 0.09991273996509599,
        "rows>=7_rmsd@1": 0.22097429556639345,
        "rows>=7_rmsd@20": 0.26146418570828406,
        "rows>=7_rmsd@5": 0.23216901133886464,
        "rows_ge7_samples": 2292,
        "samples": 5000
      },
      "name": "原 GT-SG baseline"
    },
    "cpu_hard_negative_v2": {
      "deltas": {
        "match@1": 0.0252,
        "match@20": 0.009599999999999997,
        "match@5": 0.017000000000000015,
        "rows>=7_match@1": 0.01701570680628272,
        "rows>=7_match@20": 0.011343804537521818,
        "rows>=7_match@5": 0.02181500872600349
      },
      "diagnostics": {
        "collision_rate": 0.243,
        "exact_cover_feasible_rate": 0.87454,
        "formula_consistency": 0.98018,
        "rows_ge7_selected_candidates": 45840,
        "selected_candidates": 100000,
        "sg_consistency": 0.99826,
        "skeleton_hit_to_match_conversion": 0.36377981567452605,
        "valid_rate": 0.79493
      },
      "metrics": {
        "match@1": 0.3254,
        "match@20": 0.4896,
        "match@5": 0.4218,
        "rmsd@1": 0.11980487848438845,
        "rmsd@20": 0.1258821484367647,
        "rmsd@5": 0.11978739377847321,
        "rows>=7_match@1": 0.07024432809773123,
        "rows>=7_match@20": 0.15881326352530542,
        "rows>=7_match@5": 0.12172774869109948,
        "rows>=7_rmsd@1": 0.20220146147639753,
        "rows>=7_rmsd@20": 0.24534998882142858,
        "rows>=7_rmsd@5": 0.2285018706433692,
        "rows_ge7_samples": 2292,
        "samples": 5000
      },
      "name": "baseline + hard-negative structural scorer v2"
    },
    "exact_cover_filter_proxy": {
      "deltas": {
        "match@1": 0.01959999999999995,
        "match@20": 0.0116,
        "match@5": 0.016000000000000014,
        "rows>=7_match@1": 0.012652705061082022,
        "rows>=7_match@20": 0.010907504363001724,
        "rows>=7_match@5": 0.013961605584642225
      },
      "diagnostics": {
        "collision_rate": 0.17757,
        "exact_cover_feasible_rate": 0.89585,
        "formula_consistency": 0.99002,
        "rows_ge7_selected_candidates": 45840,
        "selected_candidates": 100000,
        "sg_consistency": 0.99894,
        "skeleton_hit_to_match_conversion": 0.35522687949991627,
        "valid_rate": 0.79402
      },
      "metrics": {
        "match@1": 0.3198,
        "match@20": 0.4916,
        "match@5": 0.4208,
        "rmsd@1": 0.12426720980375235,
        "rmsd@20": 0.12644896389495525,
        "rmsd@5": 0.11985996299115971,
        "rows>=7_match@1": 0.06588132635253054,
        "rows>=7_match@20": 0.15837696335078533,
        "rows>=7_match@5": 0.11387434554973822,
        "rows>=7_rmsd@1": 0.21269853178344372,
        "rows>=7_rmsd@20": 0.25008410179917356,
        "rows>=7_rmsd@5": 0.22714548112873562,
        "rows_ge7_samples": 2292,
        "samples": 5000
      },
      "name": "baseline + exact-cover filter/proposal"
    },
    "proxy_combined": {
      "deltas": {
        "match@1": 0.023399999999999976,
        "match@20": 0.01100000000000001,
        "match@5": 0.017000000000000015,
        "rows>=7_match@1": 0.01614310645724259,
        "rows>=7_match@20": 0.009598603839441527,
        "rows>=7_match@5": 0.018324607329842924
      },
      "diagnostics": {
        "collision_rate": 0.17626,
        "exact_cover_feasible_rate": 0.89585,
        "formula_consistency": 0.98157,
        "rows_ge7_selected_candidates": 45840,
        "selected_candidates": 100000,
        "sg_consistency": 0.99879,
        "skeleton_hit_to_match_conversion": 0.35740358318914994,
        "valid_rate": 0.80223
      },
      "metrics": {
        "match@1": 0.3236,
        "match@20": 0.491,
        "match@5": 0.4218,
        "rmsd@1": 0.11899617757082818,
        "rmsd@20": 0.12558129816431773,
        "rmsd@5": 0.12000728875248932,
        "rows>=7_match@1": 0.0693717277486911,
        "rows>=7_match@20": 0.15706806282722513,
        "rows>=7_match@5": 0.11823734729493891,
        "rows>=7_rmsd@1": 0.20163340956415093,
        "rows>=7_rmsd@20": 0.24451965811611112,
        "rows>=7_rmsd@5": 0.22806985718302583,
        "rows_ge7_samples": 2292,
        "samples": 5000
      },
      "name": "skeleton proposal + geometry repair + structural scorer"
    },
    "track_a": {
      "deltas": {
        "match@1": 0.030999999999999972,
        "match@20": 0.009000000000000008,
        "match@5": 0.015000000000000013,
        "rows>=7_match@1": 0.01178010471204189,
        "rows>=7_match@20": 0.010471204188481659,
        "rows>=7_match@5": 0.007853403141361251
      },
      "diagnostics": {
        "collision_rate": 0.26388,
        "exact_cover_feasible_rate": 0.874,
        "formula_consistency": 0.98061,
        "rows_ge7_selected_candidates": 45840,
        "selected_candidates": 100000,
        "sg_consistency": 0.99845,
        "skeleton_hit_to_match_conversion": 0.3685240274599542,
        "valid_rate": 0.82598
      },
      "metrics": {
        "match@1": 0.3312,
        "match@20": 0.489,
        "match@5": 0.4198,
        "rmsd@1": 0.11685216175513287,
        "rmsd@20": 0.12632144750854807,
        "rmsd@5": 0.1144563389542163,
        "rows>=7_match@1": 0.0650087260034904,
        "rows>=7_match@20": 0.15794066317626526,
        "rows>=7_match@5": 0.10776614310645724,
        "rows>=7_rmsd@1": 0.1764946081885906,
        "rows>=7_rmsd@20": 0.250626605501105,
        "rows>=7_rmsd@5": 0.21363822245182187,
        "rows_ge7_samples": 2292,
        "samples": 5000
      },
      "name": "baseline + Track A scorer"
    }
  },
  "gpu_half": {
    "baseline": {
      "diagnostics": {
        "collision_rate": 0.36764,
        "exact_cover_feasible_rate": 0.78228,
        "formula_consistency": 0.96926,
        "selected_candidates": 50000,
        "sg_consistency": 0.99886,
        "skeleton_hit_to_match_conversion": 0.39034616761261953,
        "valid_rate": 0.75582
      },
      "metrics": {
        "match@1": 0.3012,
        "match@20": 0.484,
        "match@5": 0.4096,
        "rows>=7_match@1": 0.05235602094240838,
        "rows>=7_match@20": 0.14397905759162305,
        "rows>=7_match@5": 0.10034904013961606,
        "rows>=7_samples": 1146,
        "samples": 2500
      },
      "name": "baseline_rank"
    },
    "deltas": {
      "gpu_general": {
        "match@1": 0.03839999999999999,
        "match@20": 0.01880000000000004,
        "match@5": 0.021999999999999964,
        "rows>=7_match@1": 0.017452006980802792,
        "rows>=7_match@20": 0.01134380453752179,